year,state,ger_all_male,ger_all_female,ger_all_total,ger_sc_male,ger_sc_female,ger_sc_total,ger_st_male,ger_st_female,ger_st_total,gpi_all,gpi_sc,gpi_st,enr_phd_male,enr_phd_female,enr_phd_total,enr_pg_male,enr_pg_female,enr_pg_total,enr_ug_male,enr_ug_female,enr_ug_total,enr_grand_male,enr_grand_female,enr_grand_total,enr_sc_male,enr_sc_female,enr_sc_total,enr_st_male,enr_st_female,enr_st_total,enr_obc_male,enr_obc_female,enr_obc_total,enr_pwd_male,enr_pwd_female,enr_pwd_total,enr_muslim_male,enr_muslim_female,enr_muslim_total,ptr_all_reg_dist,ptr_all_reg,teacher_total_male,teacher_total_female,teacher_total,teacher_sc_male,teacher_sc_female,teacher_sc_total,teacher_st_male,teacher_st_female,teacher_st_total,teacher_obc_male,teacher_obc_female,teacher_obc_total,total_universities,imputed_flag
2018-19,Andaman And Nicobar Islands,20.3,26.1,23.2,0.0,0.0,0.0,11.1,17.7,14.4,1.29,1.01,1.6,44.0,23.0,67.0,629.0,966.0,1595.0,3804.0,4885.0,8689.0,4532.0,5599.0,10131.0,57.0,20.0,77.0,196.0,317.0,513.0,1395.0,1684.0,3079.0,20.0,17.0,37.0,263.0,376.0,639.0,25.0,16.0,265.0,192.0,457.0,11.0,2.0,13.0,5.0,11.0,16.0,53.0,41.0,94.0,0.0,1
2019-20,Andaman And Nicobar Islands,17.7267,22.2846,19.9858,0.0,0.0,0.0,8.6985,16.4868,12.5913,1.2571,1.0332,1.8954,5.0,9.0,14.0,571.0,969.0,1540.0,3397.0,4059.0,7456.0,4532.0,5599.0,10131.0,42.0,11.0,53.0,151.0,286.0,437.0,1122.0,1539.0,2661.0,18.0,44.0,62.0,166.0,304.0,470.0,21.8812,13.0259,254.0,209.0,463.0,11.0,3.0,14.0,4.0,11.0,15.0,42.0,40.0,82.0,0.0,1
2020-21,Andaman And Nicobar Islands,21.6062,27.1316,24.2619,0.0,0.0,0.0,10.3448,15.9907,13.1101,1.2557,1.0162,1.5458,7.0,12.0,19.0,582.0,979.0,1561.0,4055.0,4672.0,8727.0,5534.0,6431.0,11965.0,32.0,15.0,47.0,186.0,276.0,462.0,1581.0,1888.0,3469.0,22.0,34.0,56.0,255.0,363.0,618.0,26.4128,17.0795,249.0,204.0,453.0,12.0,4.0,16.0,3.0,10.0,13.0,43.0,46.0,89.0,0.0,1
2021-22,Andaman And Nicobar Islands,19.8,25.7,22.6,0.0,0.0,0.0,10.4,16.1,13.2,1.298,1.0104,1.5481,5.0,9.0,14.0,575.0,942.0,1517.0,3807.0,4444.0,8251.0,5200.0,6227.0,11427.0,42.0,11.0,53.0,192.0,283.0,475.0,1437.0,1806.0,3243.0,27.0,39.0,66.0,239.0,370.0,609.0,25.281,16.365,247.0,205.0,452.0,12.0,3.0,15.0,3.0,10.0,13.0,43.0,48.0,91.0,0.0,1
2018-19,Andhra Pradesh,35.8,29.0,32.4,31.5,26.4,28.9,30.4,22.9,26.4,0.81,0.84,0.76,3054.0,1927.0,4981.0,112753.0,98539.0,211292.0,741636.0,625754.0,1367390.0,327.0,636.0,963.0,155601.0,135201.0,290802.0,42159.0,36528.0,78687.0,431061.0,334446.0,765507.0,1597.0,928.0,2525.0,33309.0,25470.0,58779.0,18.0,16.0,64591.0,34807.0,99398.0,8149.0,5597.0,13746.0,1147.0,457.0,1604.0,24114.0,11756.0,35870.0,41.0,0
2019-20,Andhra Pradesh,38.3144,32.1717,35.21,33.4458,28.9965,31.19,33.6468,25.6213,29.3771,0.8397,0.867,0.7615,3837.0,2879.0,6716.0,112024.0,105816.0,217840.0,798084.0,694983.0,1493067.0,1021126.0,876023.0,1897149.0,167358.0,149215.0,316573.0,47292.0,40939.0,88231.0,464389.0,373065.0,837454.0,1683.0,982.0,2665.0,34050.0,27245.0,61295.0,19.0215,16.3681,64116.0,35621.0,99737.0,8044.0,5712.0,13756.0,1114.0,512.0,1626.0,24177.0,12106.0,36283.0,41.0,0
2020-21,Andhra Pradesh,38.291,36.0341,37.199,33.9903,33.1962,33.6024,34.1349,29.5961,31.8041,0.9411,0.9766,0.867,4283.0,2708.0,6991.0,98570.0,97244.0,195814.0,846588.0,759307.0,1605895.0,1056065.0,931553.0,1987618.0,171844.0,160275.0,332119.0,48475.0,44369.0,92844.0,463929.0,386063.0,849992.0,1659.0,957.0,2616.0,28338.0,23313.0,51651.0,19.3702,17.8795,64608.0,38004.0,102612.0,8264.0,6329.0,14593.0,1096.0,539.0,1635.0,24233.0,13011.0,37244.0,45.0,0
2021-22,Andhra Pradesh,37.7,35.2,36.5,35.0,33.9,34.5,35.7,31.5,33.6,0.9337,0.9686,0.8824,3237.0,2346.0,5583.0,93141.0,91801.0,184942.0,828981.0,740069.0,1569050.0,1028739.0,900420.0,1929159.0,174877.0,162015.0,336892.0,50146.0,46729.0,96875.0,481074.0,394159.0,875233.0,1361.0,1167.0,2528.0,32718.0,23726.0,56444.0,17.9131,16.0189,65930.0,40608.0,106538.0,8669.0,6899.0,15568.0,1210.0,597.0,1807.0,24660.0,14030.0,38690.0,47.0,0
2018-19,Arunachal Pradesh,29.9,29.5,29.7,0.0,0.0,0.0,32.2,32.5,32.3,0.99,0.915,1.01,396.0,280.0,676.0,3796.0,4287.0,8083.0,17976.0,17966.0,35942.0,265.0,84.0,349.0,304.0,192.0,496.0,16486.0,18557.0,35043.0,916.0,692.0,1608.0,19.0,9.0,28.0,94.0,42.0,136.0,31.0,22.0,959.0,545.0,1504.0,40.0,10.0,50.0,360.0,363.0,723.0,133.0,52.0,185.0,10.0,1
2019-20,Arunachal Pradesh,36.5106,34.2504,35.3805,0.0,0.0,0.0,36.9674,33.6303,35.2119,0.9381,0.8425,0.9097,597.0,469.0,1066.0,4960.0,5880.0,10840.0,20418.0,19017.0,39435.0,28801.0,27015.0,55816.0,750.0,729.0,1479.0,19078.0,19264.0,38342.0,1141.0,772.0,1913.0,9.0,5.0,14.0,91.0,59.0,150.0,27.8523,19.8388,1213.0,791.0,2004.0,63.0,19.0,82.0,500.0,530.0,1030.0,170.0,67.0,237.0,10.0,1
2020-21,Arunachal Pradesh,34.6856,32.7533,33.7434,0.0,0.0,0.0,35.1763,33.9714,34.5558,0.9443,0.9394,0.9657,470.0,258.0,728.0,5623.0,5814.0,11437.0,22310.0,20017.0,42327.0,31465.0,28270.0,59735.0,670.0,407.0,1077.0,20576.0,21101.0,41677.0,1222.0,845.0,2067.0,22.0,10.0,32.0,53.0,40.0,93.0,27.6679,5.9055,1233.0,926.0,2159.0,58.0,20.0,78.0,520.0,624.0,1144.0,157.0,55.0,212.0,10.0,1
2021-22,Arunachal Pradesh,38.4,34.5,36.5,0.0,0.0,0.0,42.2,37.8,39.9,0.8984,1.0415,0.8957,441.0,240.0,681.0,6481.0,6215.0,12696.0,25094.0,21201.0,46295.0,34995.0,29895.0,64890.0,609.0,338.0,947.0,24790.0,23529.0,48319.0,1291.0,822.0,2113.0,24.0,28.0,52.0,65.0,42.0,107.0,28.2992,23.3297,1276.0,1017.0,2293.0,62.0,20.0,82.0,548.0,704.0,1252.0,167.0,61.0,228.0,10.0,1
2018-19,Assam,19.1,18.3,18.7,21.2,20.0,20.6,25.6,23.1,24.3,0.95,0.94,0.9,2970.0,1970.0,4940.0,26709.0,38720.0,65429.0,300082.0,296037.0,596119.0,756.0,1034.0,1790.0,30045.0,28123.0,58168.0,56783.0,57526.0,114309.0,91467.0,98892.0,190359.0,599.0,364.0,963.0,49869.0,47596.0,97465.0,31.0,26.0,13582.0,9267.0,22849.0,831.0,545.0,1376.0,1530.0,1267.0,2797.0,3150.0,2341.0,5491.0,22.0,0
2019-20,Assam,17.422,17.1926,17.3035,19.5184,19.0297,19.2761,22.7054,22.4022,22.5458,0.9868,0.975,0.9866,3214.0,2413.0,5627.0,27523.0,39800.0,67323.0,269915.0,278078.0,547993.0,316908.0,333693.0,650601.0,27642.0,26519.0,54161.0,50251.0,55109.0,105360.0,83549.0,93431.0,176980.0,511.0,301.0,812.0,47608.0,45745.0,93353.0,28.189,24.4278,13579.0,9501.0,23080.0,848.0,574.0,1422.0,1617.0,1369.0,2986.0,3137.0,2466.0,5603.0,26.0,0
2020-21,Assam,16.7607,18.3518,17.5352,17.0419,18.9662,17.9455,23.7834,25.5675,24.6754,1.0949,1.1129,1.075,3648.0,2356.0,6004.0,23461.0,33328.0,56789.0,297876.0,304835.0,602711.0,341985.0,355108.0,697093.0,27177.0,26775.0,53952.0,59272.0,63715.0,122987.0,84052.0,91542.0,175594.0,644.0,316.0,960.0,44845.0,43084.0,87929.0,29.9156,27.7739,13510.0,9792.0,23302.0,857.0,622.0,1479.0,1715.0,1484.0,3199.0,3149.0,2508.0,5657.0,28.0,0
2021-22,Assam,16.2,17.6,16.9,18.2,19.5,18.8,25.4,26.3,25.8,1.0864,1.0714,1.0354,3140.0,2230.0,5370.0,26134.0,36830.0,62964.0,288411.0,290995.0,579406.0,333926.0,344086.0,678012.0,29419.0,27820.0,57239.0,63952.0,66267.0,130219.0,85446.0,92054.0,177500.0,429.0,232.0,661.0,44047.0,40761.0,84808.0,27.5295,25.2513,13385.0,9951.0,23336.0,885.0,639.0,1524.0,1743.0,1579.0,3322.0,3103.0,2564.0,5667.0,30.0,0
2018-19,Bihar,15.1,12.0,13.6,12.7,7.4,10.0,21.9,14.7,18.3,0.79,0.58,0.67,2239.0,1123.0,3362.0,69515.0,58697.0,128212.0,807032.0,604600.0,1411632.0,2705.0,1439.0,4144.0,111827.0,66058.0,177885.0,15816.0,10728.0,26544.0,411594.0,295551.0,707145.0,3433.0,1987.0,5420.0,80401.0,71171.0,151572.0,61.0,56.0,20888.0,5562.0,26450.0,930.0,174.0,1104.0,92.0,82.0,174.0,7760.0,1658.0,9418.0,33.0,0
2019-20,Bihar,15.7622,13.0922,14.4587,14.2108,8.5479,11.3757,24.1881,18.694,21.4447,0.8306,0.6015,0.7729,1665.0,1034.0,2699.0,61287.0,59654.0,120941.0,855740.0,677529.0,1533269.0,969902.0,768530.0,1738432.0,123647.0,74568.0,198215.0,17236.0,13286.0,30522.0,458383.0,356262.0,814645.0,1879.0,737.0,2616.0,83382.0,80567.0,163949.0,58.7368,54.1794,23213.0,6384.0,29597.0,1278.0,254.0,1532.0,111.0,94.0,205.0,8627.0,1936.0,10563.0,35.0,0
2020-21,Bihar,16.5672,15.1075,15.8836,13.3308,9.6545,11.5367,21.9772,17.3705,19.7351,0.9119,0.7242,0.7904,2625.0,1183.0,3808.0,99157.0,84462.0,183619.0,1141620.0,911387.0,2053007.0,1309402.0,1051539.0,2360941.0,152405.0,105205.0,257610.0,20577.0,15421.0,35998.0,547653.0,446029.0,993682.0,3410.0,2236.0,5646.0,78713.0,75028.0,153741.0,65.8286,59.7088,27445.0,8420.0,35865.0,1584.0,338.0,1922.0,130.0,115.0,245.0,10094.0,2575.0,12669.0,37.0,0
2021-22,Bihar,17.8,16.3,17.1,19.0,13.6,16.4,38.0,31.0,34.6,0.9157,0.7158,0.8158,3720.0,1854.0,5574.0,80756.0,74667.0,155423.0,1291227.0,1041776.0,2333003.0,1447460.0,1175486.0,2622946.0,224269.0,153799.0,378068.0,36612.0,28622.0,65234.0,707676.0,575245.0,1282921.0,2732.0,1289.0,4021.0,93896.0,78785.0,172681.0,68.7487,64.1956,28896.0,9256.0,38152.0,1765.0,380.0,2145.0,136.0,120.0,256.0,10891.0,2998.0,13889.0,37.0,0
2018-19,Chandigarh,41.6,63.9,50.6,30.6,35.6,32.7,0.0,0.0,0.0,1.54,1.16,0.98,353.0,508.0,861.0,7576.0,13291.0,20867.0,36391.0,32954.0,69345.0,568.0,222.0,790.0,6578.0,5813.0,12391.0,836.0,776.0,1612.0,3107.0,2050.0,5157.0,163.0,73.0,236.0,324.0,228.0,552.0,28.0,21.0,1453.0,2079.0,3532.0,182.0,92.0,274.0,13.0,8.0,21.0,115.0,64.0,179.0,3.0,1
2019-20,Chandigarh,43.2101,65.6397,52.1469,33.3317,38.3085,35.4958,0.0,0.0,0.0,1.5191,1.1493,1.0079,409.0,550.0,959.0,8560.0,13854.0,22414.0,39098.0,34415.0,73513.0,53170.0,53497.0,106667.0,6827.0,6037.0,12864.0,961.0,829.0,1790.0,3837.0,2373.0,6210.0,245.0,86.0,331.0,414.0,273.0,687.0,28.3387,20.2997,1595.0,2169.0,3764.0,205.0,108.0,313.0,19.0,8.0,27.0,131.0,76.0,207.0,3.0,1
2020-21,Chandigarh,57.8154,76.9526,66.0972,53.252,50.4279,51.9487,0.0,0.0,0.0,1.331,0.947,1.075,323.0,427.0,750.0,8669.0,13715.0,22384.0,40358.0,35349.0,75707.0,54809.0,55656.0,110465.0,9293.0,7542.0,16835.0,1055.0,968.0,2023.0,5261.0,3541.0,8802.0,231.0,86.0,317.0,327.0,376.0,703.0,30.157,20.2695,1551.0,2112.0,3663.0,208.0,106.0,314.0,20.0,11.0,31.0,146.0,84.0,230.0,3.0,1
2021-22,Chandigarh,56.8,75.4,64.8,53.7,52.9,53.4,0.0,0.0,0.0,1.3275,0.9851,1.0467,343.0,454.0,797.0,9172.0,13600.0,22772.0,41264.0,36134.0,77398.0,55291.0,55712.0,111003.0,9631.0,8082.0,17713.0,1243.0,1129.0,2372.0,5504.0,3655.0,9159.0,287.0,151.0,438.0,321.0,371.0,692.0,29.7276,20.0648,1564.0,2170.0,3734.0,212.0,108.0,320.0,21.0,14.0,35.0,152.0,84.0,236.0,3.0,1
2018-19,Chhattisgarh,18.1,19.2,18.6,18.1,18.6,18.3,10.4,12.2,11.3,1.06,1.03,1.17,965.0,509.0,1474.0,30690.0,37757.0,68447.0,190502.0,215794.0,406296.0,190.0,365.0,555.0,37893.0,38995.0,76888.0,46644.0,59222.0,105866.0,122888.0,129965.0,252853.0,350.0,360.0,710.0,2406.0,2716.0,5122.0,28.0,23.0,10881.0,9749.0,20630.0,1074.0,683.0,1757.0,634.0,685.0,1319.0,3218.0,2497.0,5715.0,28.0,0
2019-20,Chhattisgarh,17.3812,19.5927,18.4977,17.9876,19.314,18.6484,10.3178,13.1121,11.7637,1.1272,1.0737,1.2708,824.0,691.0,1515.0,30137.0,40444.0,70581.0,187304.0,228077.0,415381.0,272813.0,313582.0,586395.0,37575.0,40055.0,77630.0,46084.0,62803.0,108887.0,121781.0,136814.0,258595.0,353.0,171.0,524.0,2427.0,2957.0,5384.0,26.3726,22.6685,11452.0,10783.0,22235.0,1143.0,717.0,1860.0,677.0,781.0,1458.0,3431.0,2904.0,6335.0,28.0,0
2020-21,Chhattisgarh,18.0048,21.3006,19.6347,18.3388,20.4158,19.358,11.9584,16.1697,14.106,1.1831,1.1133,1.3522,910.0,744.0,1654.0,33737.0,46771.0,80508.0,215732.0,259411.0,475143.0,302840.0,350565.0,653405.0,41449.0,44456.0,85905.0,57790.0,81319.0,139109.0,133754.0,151173.0,284927.0,344.0,132.0,476.0,2017.0,2676.0,4693.0,29.4818,25.7919,11299.0,10864.0,22163.0,1169.0,769.0,1938.0,680.0,819.0,1499.0,3463.0,3063.0,6526.0,32.0,0
2021-22,Chhattisgarh,17.6,21.6,19.6,19.1,21.7,20.3,10.8,15.3,13.1,1.2273,1.1361,1.4167,920.0,917.0,1837.0,35630.0,51834.0,87464.0,227084.0,275545.0,502629.0,298601.0,357740.0,656341.0,43431.0,47514.0,90945.0,52777.0,77518.0,130295.0,133393.0,154494.0,287887.0,799.0,411.0,1210.0,2348.0,2765.0,5113.0,27.4903,25.6262,11873.0,11722.0,23595.0,1229.0,868.0,2097.0,780.0,899.0,1679.0,3799.0,3427.0,7226.0,34.0,0
2018-19,D & N Haveli And Daman & Diu,7.4,12.6,9.3,15.2,22.8,18.4,4.9,5.0,5.0,1.7,1.49,1.04,0.0,0.0,0.0,137.0,223.0,360.0,2319.0,2691.0,5010.0,3130.0,3263.0,6393.0,92.0,102.0,194.0,639.0,723.0,1362.0,213.0,298.0,511.0,8.0,6.0,14.0,48.0,44.0,92.0,29.0,29.0,112.0,102.0,214.0,10.0,2.0,12.0,5.0,8.0,13.0,25.0,9.0,34.0,0.0,1
2019-20,D & N Haveli And Daman & Diu,7.3729,12.9151,9.4406,18.3121,22.7277,20.187,4.6214,5.3295,4.99,1.7517,1.2411,1.1532,0.0,0.0,0.0,122.0,247.0,369.0,2401.0,2855.0,5256.0,3130.0,3263.0,6393.0,107.0,98.0,205.0,587.0,735.0,1322.0,271.0,317.0,588.0,13.0,9.0,22.0,38.0,39.0,77.0,27.2043,27.2043,119.0,116.0,235.0,10.0,3.0,13.0,6.0,7.0,13.0,27.0,14.0,41.0,0.0,1
2020-21,D & N Haveli And Daman & Diu,7.9016,15.5523,10.3837,22.6027,30.4242,26.0964,6.2702,7.5123,6.9151,1.9682,1.346,1.1981,0.0,0.0,0.0,259.0,508.0,767.0,4020.0,4681.0,8701.0,5948.0,5622.0,11570.0,231.0,251.0,482.0,816.0,1056.0,1872.0,832.0,1035.0,1867.0,10.0,10.0,20.0,135.0,132.0,267.0,20.052,20.052,321.0,256.0,577.0,33.0,11.0,44.0,22.0,19.0,41.0,67.0,37.0,104.0,0.0,1
2021-22,D & N Haveli And Daman & Diu,8.6,16.6,11.2,24.8,31.7,27.8,6.9,8.1,7.5,1.9302,1.2782,1.1739,0.0,0.0,0.0,305.0,543.0,848.0,4656.0,5103.0,9759.0,6683.0,6122.0,12805.0,260.0,267.0,527.0,924.0,1160.0,2084.0,1026.0,1022.0,2048.0,12.0,8.0,20.0,108.0,120.0,228.0,20.1654,20.1654,354.0,281.0,635.0,38.0,11.0,49.0,25.0,27.0,52.0,72.0,38.0,110.0,0.0,1
2018-19,Delhi,43.2,50.0,46.3,31.8,36.3,33.9,0.0,0.0,0.0,1.16,1.14,0.98,4918.0,4493.0,9411.0,65500.0,93497.0,158997.0,448749.0,405107.0,853856.0,2605.0,1839.0,4444.0,74144.0,73583.0,147727.0,11244.0,9151.0,20395.0,90392.0,64796.0,155188.0,4998.0,3348.0,8346.0,15715.0,8632.0,24347.0,52.0,21.0,9349.0,11298.0,20647.0,1019.0,778.0,1797.0,304.0,213.0,517.0,1168.0,798.0,1966.0,27.0,1
2019-20,Delhi,44.8766,51.8106,48.0201,35.1488,40.8581,37.7944,0.0,0.0,0.0,1.1545,1.1624,1.0079,8812.0,7458.0,16270.0,71734.0,103717.0,175451.0,467104.0,419284.0,886388.0,578747.0,554109.0,1132856.0,80990.0,81296.0,162286.0,8315.0,7314.0,15629.0,108206.0,81721.0,189927.0,4850.0,3412.0,8262.0,16168.0,10307.0,26475.0,52.0566,20.7489,10008.0,11754.0,21762.0,1112.0,825.0,1937.0,333.0,248.0,581.0,1328.0,918.0,2246.0,28.0,1
2020-21,Delhi,46.674,48.5319,47.5652,26.257,23.8421,25.0704,0.0,0.0,0.0,1.0398,0.908,1.075,8112.0,7332.0,15444.0,69649.0,97222.0,166871.0,454449.0,409832.0,864281.0,564849.0,541422.0,1106271.0,58208.0,51061.0,109269.0,10597.0,8934.0,19531.0,90936.0,65976.0,156912.0,2984.0,1442.0,4426.0,11900.0,9304.0,21204.0,50.1233,20.6384,10196.0,11875.0,22071.0,1164.0,862.0,2026.0,363.0,262.0,625.0,1391.0,930.0,2321.0,28.0,1
2021-22,Delhi,48.3,49.7,49.0,36.6,35.6,36.1,0.0,0.0,0.0,1.029,0.9727,1.0467,7533.0,6561.0,14094.0,73783.0,103616.0,177399.0,473724.0,425006.0,898730.0,585353.0,560037.0,1145390.0,81427.0,77126.0,158553.0,11197.0,9976.0,21173.0,100008.0,75996.0,176004.0,4073.0,2328.0,6401.0,15489.0,12793.0,28282.0,49.491,20.623,10580.0,12349.0,22929.0,1234.0,902.0,2136.0,390.0,284.0,674.0,1497.0,1005.0,2502.0,30.0,1
2018-19,Goa,26.4,35.0,30.1,29.3,31.1,30.1,21.6,31.8,26.4,1.33,1.06,1.47,167.0,129.0,296.0,2343.0,3873.0,6216.0,18525.0,22303.0,40828.0,11.0,27727.0,11.0,552.0,514.0,1066.0,1992.0,2622.0,4614.0,4341.0,5398.0,9739.0,46.0,23.0,69.0,1274.0,1351.0,2625.0,16.0,15.0,1559.0,1859.0,3418.0,21.0,16.0,37.0,35.0,35.0,70.0,131.0,173.0,304.0,3.0,1
2019-20,Goa,23.7713,34.5861,28.4435,30.3614,33.227,31.7101,20.6363,32.7004,26.3664,1.4549,1.0944,1.5846,217.0,216.0,433.0,2534.0,4183.0,6717.0,17543.0,21755.0,39298.0,25055.0,27727.0,52782.0,555.0,540.0,1095.0,1850.0,2652.0,4502.0,4089.0,5499.0,9588.0,33.0,26.0,59.0,1291.0,1443.0,2734.0,14.5045,13.1539,1671.0,1968.0,3639.0,31.0,17.0,48.0,45.0,49.0,94.0,141.0,193.0,334.0,3.0,0
2020-21,Goa,30.756,37.3072,33.796,51.0505,38.9595,45.0587,24.1835,31.9277,28.0551,1.213,0.7632,1.3202,276.0,340.0,616.0,3113.0,4464.0,7577.0,20785.0,23406.0,44191.0,29404.0,30881.0,60285.0,899.0,674.0,1573.0,2088.0,2756.0,4844.0,5615.0,6104.0,11719.0,34.0,13.0,47.0,1378.0,1520.0,2898.0,16.9483,14.9969,1519.0,2038.0,3557.0,33.0,17.0,50.0,49.0,57.0,106.0,170.0,211.0,381.0,3.0,0
2021-22,Goa,36.0,35.5,35.8,45.4,33.5,39.5,23.7,31.6,27.6,0.9861,0.7379,1.3333,494.0,407.0,901.0,3523.0,4859.0,8382.0,23132.0,22401.0,45533.0,35398.0,30017.0,65415.0,822.0,592.0,1414.0,2106.0,2783.0,4889.0,5182.0,5690.0,10872.0,460.0,144.0,604.0,1531.0,1553.0,3084.0,16.7602,15.3318,1756.0,2147.0,3903.0,28.0,13.0,41.0,65.0,62.0,127.0,185.0,236.0,421.0,3.0,0
2018-19,Gujarat,22.0,18.7,20.4,28.8,24.9,26.9,15.0,14.8,14.9,0.85,0.86,0.99,3589.0,2328.0,5917.0,63874.0,83554.0,147428.0,650213.0,497400.0,1147613.0,5824.0,9742.0,15566.0,77192.0,61009.0,138201.0,72369.0,72197.0,144566.0,261824.0,185616.0,447440.0,1127.0,613.0,1740.0,20279.0,15773.0,36052.0,26.0,24.0,34459.0,23070.0,57529.0,2078.0,1142.0,3220.0,1599.0,1022.0,2621.0,6974.0,3755.0,10729.0,72.0,0
2019-20,Gujarat,22.8643,19.6331,21.3201,29.198,26.0243,27.6878,16.428,16.9019,16.6648,0.8587,0.8913,1.0289,4380.0,3050.0,7430.0,67586.0,87425.0,155011.0,681018.0,526227.0,1207245.0,864967.0,679873.0,1544840.0,78255.0,63324.0,141579.0,79347.0,81512.0,160859.0,283069.0,203627.0,486696.0,1207.0,1130.0,2337.0,24664.0,19350.0,44014.0,25.5819,24.5368,35627.0,24761.0,60388.0,2196.0,1265.0,3461.0,1643.0,1129.0,2772.0,7247.0,4146.0,11393.0,76.0,0
2020-21,Gujarat,23.5573,20.606,22.1831,30.0897,26.7072,28.51,17.7002,17.8841,17.7904,0.8747,0.8876,1.0104,4819.0,3202.0,8021.0,86719.0,99388.0,186107.0,712608.0,545854.0,1258462.0,938144.0,714986.0,1653130.0,84815.0,65967.0,150782.0,89913.0,87551.0,177464.0,294584.0,207275.0,501859.0,1143.0,628.0,1771.0,18170.0,14935.0,33105.0,27.2771,25.8374,35408.0,25197.0,60605.0,2240.0,1400.0,3640.0,1621.0,1161.0,2782.0,7332.0,4304.0,11636.0,83.0,0
2021-22,Gujarat,25.2,22.7,24.0,33.6,30.8,32.3,19.9,21.0,20.4,0.9008,0.9167,1.0553,4799.0,3734.0,8533.0,97560.0,118747.0,216307.0,775408.0,592468.0,1367876.0,1009666.0,787996.0,1797662.0,95144.0,76178.0,171322.0,101665.0,102861.0,204526.0,340381.0,244776.0,585157.0,2885.0,2156.0,5041.0,19387.0,16606.0,35993.0,28.4009,26.9591,35328.0,26475.0,61803.0,2380.0,1620.0,4000.0,1704.0,1393.0,3097.0,7433.0,4719.0,12152.0,91.0,0
2018-19,Haryana,26.5,32.4,29.2,18.3,22.0,20.0,0.0,0.0,0.0,1.23,1.2,0.98,1855.0,1991.0,3846.0,39800.0,69046.0,108846.0,353487.0,368952.0,722439.0,1175.0,1577.0,2752.0,67317.0,67451.0,134768.0,1757.0,1028.0,2785.0,105567.0,108534.0,214101.0,505.0,829.0,1334.0,7297.0,2787.0,10084.0,26.0,23.0,17061.0,18616.0,35677.0,1422.0,813.0,2235.0,24.0,22.0,46.0,2121.0,1851.0,3972.0,48.0,1
2019-20,Haryana,26.6482,32.5305,29.3362,17.384,21.6029,19.2963,0.0,0.0,0.0,1.2207,1.2427,1.0079,1810.0,2356.0,4166.0,41587.0,69928.0,111515.0,354321.0,368329.0,722650.0,460487.0,473054.0,933541.0,64017.0,65958.0,129975.0,1795.0,1240.0,3035.0,103486.0,104970.0,208456.0,499.0,215.0,714.0,9317.0,3560.0,12877.0,23.796,20.1844,18541.0,20690.0,39231.0,1532.0,1018.0,2550.0,29.0,16.0,45.0,2331.0,2194.0,4525.0,53.0,1
2020-21,Haryana,28.9087,33.6589,31.0887,20.5022,23.7832,21.9997,0.0,0.0,0.0,1.1643,1.16,1.075,2046.0,2502.0,4548.0,50192.0,80377.0,130569.0,392179.0,389514.0,781693.0,517813.0,511346.0,1029159.0,78157.0,76128.0,154285.0,2799.0,1776.0,4575.0,116069.0,109671.0,225740.0,646.0,447.0,1093.0,7423.0,3022.0,10445.0,26.2166,21.8395,18467.0,20789.0,39256.0,1579.0,1065.0,2644.0,27.0,19.0,46.0,2372.0,2262.0,4634.0,56.0,1
2021-22,Haryana,30.3,37.0,33.3,24.2,29.2,26.5,0.0,0.0,0.0,1.2211,1.2066,1.0467,1784.0,2385.0,4169.0,57199.0,98973.0,156172.0,405310.0,417253.0,822563.0,542146.0,562386.0,1104532.0,92355.0,93635.0,185990.0,3153.0,2027.0,5180.0,126050.0,127165.0,253215.0,798.0,483.0,1281.0,7869.0,3092.0,10961.0,26.0519,22.1177,19012.0,22086.0,41098.0,1676.0,1147.0,2823.0,29.0,21.0,50.0,2452.0,2518.0,4970.0,56.0,1
2018-19,Himachal Pradesh,34.7,44.9,39.6,25.6,33.3,29.4,35.7,43.7,39.7,1.3,1.3,1.22,1121.0,794.0,1915.0,12156.0,15978.0,28134.0,105035.0,127077.0,232112.0,899.0,1050.0,1949.0,24684.0,30277.0,54961.0,7550.0,9078.0,16628.0,16236.0,22758.0,38994.0,226.0,83.0,309.0,1189.0,608.0,1797.0,27.0,23.0,5462.0,4949.0,10411.0,557.0,369.0,926.0,208.0,176.0,384.0,331.0,288.0,619.0,26.0,0
2019-20,Himachal Pradesh,35.7436,46.4185,40.8464,25.1157,33.5845,29.2296,35.3509,43.689,39.4844,1.2987,1.3372,1.2359,1027.0,897.0,1924.0,12488.0,16079.0,28567.0,107453.0,129428.0,236881.0,132231.0,157257.0,289488.0,24422.0,30850.0,55272.0,7555.0,9179.0,16734.0,16277.0,22529.0,38806.0,246.0,123.0,369.0,1103.0,661.0,1764.0,26.8517,22.5716,5648.0,5133.0,10781.0,569.0,394.0,963.0,215.0,174.0,389.0,363.0,287.0,650.0,27.0,0
2020-21,Himachal Pradesh,33.5,44.6571,38.7249,24.7774,33.5197,28.9246,35.3853,44.2306,39.6693,1.333,1.3528,1.25,1100.0,1012.0,2112.0,13471.0,16133.0,29604.0,107717.0,128469.0,236186.0,133196.0,156389.0,289585.0,25382.0,30990.0,56372.0,7967.0,9353.0,17320.0,16132.0,21501.0,37633.0,192.0,91.0,283.0,616.0,560.0,1176.0,26.9331,22.2214,5557.0,5195.0,10752.0,570.0,438.0,1008.0,216.0,179.0,395.0,360.0,314.0,674.0,29.0,0
2021-22,Himachal Pradesh,37.3,49.7,43.1,29.4,39.9,34.4,38.7,50.6,44.5,1.3324,1.3571,1.3075,1028.0,1055.0,2083.0,15071.0,18862.0,33933.0,119249.0,141142.0,260391.0,147143.0,172508.0,319651.0,30001.0,36535.0,66536.0,8689.0,10609.0,19298.0,18959.0,25173.0,44132.0,335.0,170.0,505.0,746.0,568.0,1314.0,29.3392,24.0159,5522.0,5373.0,10895.0,565.0,460.0,1025.0,223.0,181.0,404.0,342.0,343.0,685.0,30.0,0
2018-19,Jammu And Kashmir,29.6,32.2,30.9,18.5,23.8,21.0,18.0,17.2,17.6,1.09,1.29,0.95,1392.0,1291.0,2683.0,29721.0,36407.0,66128.0,151657.0,152874.0,304531.0,124.0,116.0,240.0,9739.0,11673.0,21412.0,13031.0,11831.0,24862.0,14633.0,11736.0,26369.0,660.0,1675.0,2335.0,81908.0,75806.0,157714.0,35.0,25.0,6608.0,4594.0,11202.0,239.0,196.0,435.0,246.0,104.0,350.0,251.0,103.0,354.0,15.0,0
2019-20,Jammu And Kashmir,31.6827,33.2057,32.4204,17.3471,23.5739,20.3406,22.9852,19.1668,21.0895,1.0481,1.359,0.8339,2080.0,1909.0,3989.0,28673.0,34950.0,63623.0,154680.0,147209.0,301889.0,199249.0,196167.0,395416.0,9302.0,11703.0,21005.0,12261.0,10081.0,22342.0,14636.0,11364.0,26000.0,334.0,262.0,596.0,89608.0,89068.0,178676.0,34.9277,24.5281,6580.0,4741.0,11321.0,280.0,255.0,535.0,177.0,57.0,234.0,276.0,104.0,380.0,15.0,0
2020-21,Jammu And Kashmir,23.0383,27.2312,25.0222,15.3538,19.4355,17.2765,17.1323,15.7047,16.4593,1.182,1.2658,0.9167,2412.0,2033.0,4445.0,29946.0,36342.0,66288.0,141590.0,147415.0,289005.0,193476.0,205378.0,398854.0,10549.0,11892.0,22441.0,13607.0,11126.0,24733.0,14281.0,12033.0,26314.0,297.0,291.0,588.0,65193.0,66149.0,131342.0,35.0118,25.6314,6661.0,4731.0,11392.0,306.0,270.0,576.0,164.0,60.0,224.0,348.0,136.0,484.0,15.0,0
2021-22,Jammu And Kashmir,22.6,27.2,24.8,18.6,22.5,20.4,19.9,17.8,18.9,1.2035,1.2097,0.8945,1879.0,1923.0,3802.0,30709.0,41398.0,72107.0,145870.0,147226.0,293096.0,192954.0,207469.0,400423.0,12952.0,13915.0,26867.0,16001.0,12770.0,28771.0,15593.0,13361.0,28954.0,514.0,221.0,735.0,63796.0,74346.0,138142.0,35.0357,24.0151,6638.0,4725.0,11363.0,304.0,258.0,562.0,186.0,65.0,251.0,295.0,126.0,421.0,16.0,0
2018-19,Jharkhand,19.5,18.7,19.1,17.0,14.8,15.9,13.4,14.0,13.7,0.96,0.87,1.05,2108.0,795.0,2903.0,33887.0,47852.0,81739.0,311311.0,299576.0,610887.0,656.0,1280.0,1936.0,39314.0,33723.0,73037.0,62774.0,73610.0,136384.0,151098.0,142185.0,293283.0,459.0,180.0,639.0,20388.0,20122.0,40510.0,60.0,54.0,8627.0,3739.0,12366.0,397.0,125.0,522.0,462.0,688.0,1150.0,2575.0,773.0,3348.0,25.0,0
2019-20,Jharkhand,20.9592,20.8671,20.913,16.9761,15.1152,16.0584,14.7354,16.4593,15.6395,0.9956,0.8904,1.117,2469.0,1020.0,3489.0,42783.0,63051.0,105834.0,330828.0,329263.0,660091.0,408859.0,408701.0,817560.0,39061.0,33841.0,72902.0,68787.0,84739.0,153526.0,170328.0,161304.0,331632.0,773.0,384.0,1157.0,21742.0,21834.0,43576.0,59.7282,54.2908,9514.0,4174.0,13688.0,437.0,132.0,569.0,498.0,756.0,1254.0,2879.0,888.0,3767.0,32.0,0
2020-21,Jharkhand,16.544,17.5206,17.0183,13.4259,12.5566,13.0062,11.5932,13.2498,12.4449,1.059,0.9353,1.1429,1738.0,919.0,2657.0,42929.0,62500.0,105429.0,314684.0,312130.0,626814.0,393349.0,393338.0,786687.0,38118.0,33279.0,71397.0,66777.0,80751.0,147528.0,154440.0,149715.0,304155.0,546.0,225.0,771.0,17069.0,17244.0,34313.0,54.6842,49.9114,9702.0,4684.0,14386.0,511.0,163.0,674.0,543.0,911.0,1454.0,2954.0,997.0,3951.0,32.0,0
2021-22,Jharkhand,18.6,18.7,18.6,15.8,13.7,14.8,13.1,14.7,13.9,1.0054,0.8671,1.1221,2039.0,1113.0,3152.0,48894.0,63574.0,112468.0,362777.0,347379.0,710156.0,450106.0,429859.0,879965.0,45691.0,37065.0,82756.0,76826.0,91503.0,168329.0,187445.0,172605.0,360050.0,881.0,294.0,1175.0,19532.0,18668.0,38200.0,58.3183,54.4607,9932.0,5157.0,15089.0,546.0,182.0,728.0,571.0,1072.0,1643.0,3020.0,1113.0,4133.0,33.0,0
2018-19,Karnataka,28.2,29.4,28.8,21.2,20.9,21.0,19.0,19.0,19.0,1.04,0.98,1.0,8070.0,5230.0,13300.0,93614.0,118327.0,211941.0,768616.0,789369.0,1557985.0,1284.0,1795.0,3079.0,132676.0,128603.0,261279.0,48370.0,46750.0,95120.0,480822.0,505308.0,986130.0,2310.0,1986.0,4296.0,65642.0,59894.0,125536.0,15.0,14.0,73476.0,59861.0,133337.0,7415.0,3717.0,11132.0,1966.0,841.0,2807.0,27551.0,21427.0,48978.0,65.0,0
2019-20,Karnataka,31.2283,32.7473,31.9733,23.265,23.099,23.1829,20.9099,20.9754,20.942,1.0486,0.9929,1.0031,8422.0,6566.0,14988.0,104832.0,134324.0,239156.0,848754.0,865942.0,1714696.0,1088883.0,1099009.0,2187892.0,147206.0,142956.0,290162.0,53814.0,51947.0,105761.0,536146.0,564008.0,1100154.0,2398.0,2204.0,4602.0,75198.0,69313.0,144511.0,14.7464,14.1675,80677.0,67691.0,148368.0,8391.0,4168.0,12559.0,2207.0,1022.0,3229.0,30024.0,24554.0,54578.0,69.0,0
2020-21,Karnataka,34.8346,37.1689,35.9607,25.3273,25.8734,25.5943,23.1557,23.6263,23.3839,1.067,1.0216,1.0203,5752.0,5276.0,11028.0,120083.0,159105.0,279188.0,944677.0,924391.0,1869068.0,1223601.0,1216836.0,2440437.0,157702.0,154146.0,311848.0,58644.0,56327.0,114971.0,565089.0,573864.0,1138953.0,2665.0,1830.0,4495.0,72487.0,65871.0,138358.0,16.0774,15.2835,81100.0,70693.0,151793.0,8352.0,4459.0,12811.0,2225.0,1096.0,3321.0,30302.0,25648.0,55950.0,72.0,0
2021-22,Karnataka,36.1,36.3,36.2,28.8,26.8,27.8,26.4,25.0,25.8,1.0055,0.9306,0.947,6045.0,5148.0,11193.0,118528.0,142088.0,260616.0,982974.0,923326.0,1906300.0,1258004.0,1178536.0,2436540.0,177617.0,158281.0,335898.0,66315.0,59233.0,125548.0,620133.0,587035.0,1207168.0,3397.0,2660.0,6057.0,78638.0,68611.0,147249.0,15.7906,15.2285,79227.0,71658.0,150885.0,8405.0,4687.0,13092.0,2256.0,1159.0,3415.0,29913.0,26514.0,56427.0,75.0,0
2018-19,Kerala,30.8,43.2,37.0,18.2,33.7,25.9,18.9,27.1,23.1,1.4,1.85,1.43,2503.0,4183.0,6686.0,37756.0,88754.0,126510.0,375536.0,505771.0,881307.0,1142.0,4851.0,5993.0,24464.0,44947.0,69411.0,4272.0,6455.0,10727.0,185095.0,274967.0,460062.0,1807.0,1704.0,3511.0,67175.0,92073.0,159248.0,18.0,14.0,22945.0,36291.0,59236.0,880.0,1290.0,2170.0,77.0,83.0,160.0,8780.0,13833.0,22613.0,23.0,0
2019-20,Kerala,32.8953,44.7351,38.7865,18.6998,34.8279,26.7183,19.1235,28.6823,24.0232,1.3599,1.8625,1.4998,2817.0,4687.0,7504.0,40871.0,97643.0,138514.0,393073.0,509484.0,902557.0,484849.0,653004.0,1137853.0,25434.0,46838.0,72272.0,4360.0,6877.0,11237.0,194158.0,295290.0,489448.0,1975.0,1735.0,3710.0,68848.0,97179.0,166027.0,18.4842,14.3195,23712.0,37846.0,61558.0,906.0,1380.0,2286.0,86.0,99.0,185.0,9231.0,14651.0,23882.0,23.0,0
2020-21,Kerala,34.4554,52.3417,43.1542,23.4246,44.6473,33.735,23.1037,35.129,29.131,1.5191,1.906,1.5205,3184.0,5554.0,8738.0,45876.0,120643.0,166519.0,454250.0,633728.0,1087978.0,559625.0,804911.0,1364536.0,34488.0,62108.0,96596.0,5702.0,8712.0,14414.0,270266.0,426085.0,696351.0,2103.0,1888.0,3991.0,68170.0,102759.0,170929.0,22.3401,16.4659,23150.0,37930.0,61080.0,918.0,1425.0,2343.0,85.0,100.0,185.0,9130.0,14834.0,23964.0,23.0,0
2021-22,Kerala,34.1,49.0,41.3,20.4,36.8,28.3,24.0,33.8,28.9,1.437,1.8039,1.4083,3387.0,5747.0,9134.0,50946.0,121630.0,172576.0,439560.0,576826.0,1016386.0,554572.0,749873.0,1304445.0,29991.0,50960.0,80951.0,5914.0,8352.0,14266.0,218765.0,318522.0,537287.0,2843.0,2472.0,5315.0,76375.0,110983.0,187358.0,19.1725,14.8877,23516.0,39339.0,62855.0,980.0,1521.0,2501.0,97.0,108.0,205.0,9202.0,15471.0,24673.0,25.0,0
2019-20,Ladakh,5.0312,11.3435,7.9178,0.0,0.0,0.0,5.1649,12.564,8.5486,2.2546,14.8407,2.4326,6.0,2.0,8.0,26.0,28.0,54.0,798.0,1746.0,2544.0,999.0,1898.0,2897.0,0.0,0.0,0.0,923.0,1892.0,2815.0,14.0,0.0,14.0,0.0,0.0,0.0,652.0,1302.0,1954.0,14.5578,14.5578,135.0,64.0,199.0,2.0,0.0,2.0,83.0,61.0,144.0,2.0,0.0,2.0,1.0,1
2020-21,Ladakh,5.4184,11.9282,8.3824,0.0,266.6667,17.3913,6.1369,12.3549,9.3462,2.2014,14.8407,2.0132,6.0,2.0,8.0,70.0,23.0,93.0,740.0,1738.0,2478.0,1108.0,2039.0,3147.0,0.0,16.0,16.0,902.0,1937.0,2839.0,35.0,24.0,59.0,0.0,0.0,0.0,679.0,1341.0,2020.0,19.0727,19.0727,104.0,61.0,165.0,1.0,0.0,1.0,84.0,58.0,142.0,0.0,0.0,0.0,2.0,1
2021-22,Ladakh,7.5,16.4,11.5,22.6,335.4,42.3,10.1,17.0,13.6,2.1867,14.8407,1.6832,15.0,3.0,18.0,155.0,318.0,473.0,1187.0,2103.0,3290.0,1571.0,2869.0,4440.0,20.0,20.0,40.0,1525.0,2722.0,4247.0,0.0,5.0,5.0,1.0,0.0,1.0,421.0,727.0,1148.0,16.1679,15.5584,159.0,115.0,274.0,2.0,1.0,3.0,126.0,111.0,237.0,0.0,0.0,0.0,2.0,0
2018-19,Lakshadweep,3.4,11.6,7.4,0.0,0.0,0.0,1.9,6.9,4.5,3.4,1.01,3.68,0.0,0.0,0.0,0.0,26.0,26.0,127.0,392.0,519.0,133.0,427.0,560.0,0.0,0.0,0.0,64.0,246.0,310.0,0.0,0.0,0.0,0.0,0.0,0.0,64.0,246.0,310.0,12.0,12.0,25.0,20.0,45.0,5.0,3.0,8.0,8.0,11.0,19.0,11.0,6.0,17.0,0.0,1
2019-20,Lakshadweep,3.5552,11.5343,7.5238,0.0,0.0,0.0,2.1098,7.2415,4.7571,3.2443,1.0332,3.4322,0.0,0.0,0.0,0.0,26.0,26.0,133.0,401.0,534.0,133.0,427.0,560.0,0.0,0.0,0.0,70.0,256.0,326.0,0.0,0.0,0.0,0.0,0.0,0.0,70.0,256.0,326.0,12.4444,12.4444,25.0,20.0,45.0,5.0,3.0,8.0,8.0,11.0,19.0,11.0,6.0,17.0,0.0,1
2020-21,Lakshadweep,3.2734,11.4049,7.173,0.0,0.0,0.0,1.896,6.9717,4.4269,3.4841,1.0162,3.6771,0.0,0.0,0.0,0.0,26.0,26.0,133.0,401.0,534.0,133.0,427.0,560.0,0.0,0.0,0.0,70.0,256.0,326.0,0.0,0.0,0.0,0.0,0.0,0.0,70.0,256.0,326.0,22.4,22.4,12.0,13.0,25.0,1.0,3.0,4.0,4.0,5.0,9.0,7.0,5.0,12.0,0.0,1
2021-22,Lakshadweep,0.3,1.9,1.1,0.0,0.0,0.0,0.4,2.0,1.2,6.3333,1.0104,5.0,0.0,0.0,0.0,0.0,26.0,26.0,14.0,74.0,88.0,14.0,74.0,88.0,0.0,0.0,0.0,14.0,74.0,88.0,0.0,0.0,0.0,0.0,0.0,0.0,14.0,74.0,88.0,8.8,8.8,5.0,5.0,10.0,1.0,2.0,3.0,4.0,2.0,6.0,0.0,1.0,1.0,0.0,1
2018-19,Madhya Pradesh,21.8,21.2,21.5,20.0,19.4,19.7,11.7,11.0,11.4,0.97,0.97,0.94,2383.0,1710.0,4093.0,100896.0,121265.0,222161.0,817593.0,703775.0,1521368.0,1545.0,847.0,2392.0,154836.0,129221.0,284057.0,101105.0,97921.0,199026.0,406281.0,366091.0,772372.0,1763.0,1565.0,3328.0,20195.0,16562.0,36757.0,33.0,29.0,34772.0,24412.0,59184.0,2557.0,1292.0,3849.0,790.0,490.0,1280.0,8312.0,4833.0,13145.0,65.0,0
2019-20,Madhya Pradesh,24.163,24.219,24.1896,22.9287,23.5088,23.196,12.5541,12.2811,12.4164,1.0023,1.0253,0.9783,3006.0,2441.0,5447.0,125638.0,159465.0,285103.0,908857.0,802319.0,1711176.0,1144576.0,1037578.0,2182154.0,176528.0,154691.0,331219.0,107910.0,107489.0,215399.0,449846.0,425197.0,875043.0,1403.0,1039.0,2442.0,24366.0,19923.0,44289.0,34.0398,31.6019,37474.0,26632.0,64106.0,2781.0,1469.0,4250.0,899.0,564.0,1463.0,8874.0,5338.0,14212.0,66.0,0
2020-21,Madhya Pradesh,27.3331,26.796,27.0774,25.504,25.781,25.6329,15.292,16.1172,15.712,0.9804,1.0109,1.054,3676.0,2477.0,6153.0,159236.0,184377.0,343613.0,1067537.0,947070.0,2014607.0,1374036.0,1224525.0,2598561.0,210178.0,184840.0,395018.0,140698.0,153701.0,294399.0,528269.0,512294.0,1040563.0,1886.0,708.0,2594.0,20995.0,20432.0,41427.0,33.6942,31.94,44736.0,32386.0,77122.0,3557.0,2007.0,5564.0,1224.0,814.0,2038.0,11089.0,7115.0,18204.0,74.0,0
2021-22,Madhya Pradesh,29.7,28.0,28.9,27.3,26.7,27.0,17.8,17.2,17.5,0.9428,0.978,0.9663,4283.0,3571.0,7854.0,201345.0,239046.0,440391.0,1143205.0,953119.0,2096324.0,1505908.0,1294257.0,2800165.0,226394.0,193880.0,420274.0,164651.0,166351.0,331002.0,575079.0,526841.0,1101920.0,2277.0,1778.0,4055.0,22617.0,16588.0,39205.0,30.9584,29.6384,47319.0,35142.0,82461.0,3875.0,2260.0,6135.0,1286.0,950.0,2236.0,11900.0,7965.0,19865.0,77.0,0
2018-19,Maharashtra,33.5,30.3,32.0,31.9,30.4,31.2,17.4,13.0,15.2,0.9,0.95,0.75,4923.0,3873.0,8796.0,218561.0,242682.0,461243.0,1855670.0,1496019.0,3351689.0,10018.0,7692.0,17710.0,269942.0,240577.0,510519.0,105146.0,79830.0,184976.0,681445.0,565904.0,1247349.0,4400.0,3535.0,7935.0,78777.0,73589.0,152366.0,27.0,23.0,94465.0,64474.0,158939.0,11855.0,6251.0,18106.0,1744.0,669.0,2413.0,22594.0,13095.0,35689.0,62.0,0
2019-20,Maharashtra,33.5248,31.0215,32.3311,30.6444,30.7975,30.7181,17.4091,13.5076,15.449,0.9253,1.005,0.7759,7122.0,4861.0,11983.0,225266.0,253236.0,478502.0,1866422.0,1526553.0,3392975.0,2313862.0,1951610.0,4265472.0,260361.0,243253.0,503614.0,105835.0,82907.0,188742.0,684718.0,581699.0,1266417.0,4714.0,3083.0,7797.0,83037.0,83191.0,166228.0,26.1474,22.066,95447.0,67685.0,163132.0,12202.0,6800.0,19002.0,1881.0,769.0,2650.0,22893.0,13947.0,36840.0,65.0,0
2020-21,Maharashtra,36.2268,33.47,34.9269,34.6378,33.0809,33.8909,18.5919,14.4294,16.5093,0.9239,0.9551,0.7761,9358.0,6393.0,15751.0,244931.0,319628.0,564559.0,1955828.0,1538148.0,3493976.0,2491897.0,2054252.0,4546149.0,290289.0,255618.0,545907.0,111489.0,86643.0,198132.0,723073.0,583566.0,1306639.0,3949.0,2214.0,6163.0,79148.0,71656.0,150804.0,27.9465,22.9679,94345.0,68328.0,162673.0,11942.0,6838.0,18780.0,1933.0,822.0,2755.0,22655.0,14012.0,36667.0,71.0,0
2021-22,Maharashtra,37.1,33.3,35.3,37.6,34.9,36.3,19.4,15.2,17.3,0.8976,0.9282,0.7835,10115.0,7717.0,17832.0,283304.0,303894.0,587198.0,1968964.0,1529764.0,3498728.0,2542831.0,2035012.0,4577843.0,313255.0,268938.0,582193.0,115731.0,90990.0,206721.0,763737.0,615985.0,1379722.0,4955.0,3216.0,8171.0,79193.0,75322.0,154515.0,27.2665,23.1248,95779.0,71913.0,167692.0,12149.0,7403.0,19552.0,1998.0,891.0,2889.0,22762.0,14736.0,37498.0,74.0,0
2018-19,Manipur,33.6,33.8,33.7,68.6,61.3,64.9,24.1,23.0,23.5,1.01,0.89,0.95,601.0,487.0,1088.0,4143.0,4296.0,8439.0,48415.0,48928.0,97343.0,94.0,96.0,190.0,3325.0,3023.0,6348.0,18323.0,17453.0,35776.0,16068.0,19638.0,35706.0,81.0,48.0,129.0,3047.0,2554.0,5601.0,22.0,21.0,2616.0,2419.0,5035.0,176.0,94.0,270.0,343.0,327.0,670.0,434.0,337.0,771.0,6.0,0
2019-20,Manipur,37.7498,38.8899,38.3237,68.7003,65.9015,67.2917,23.0539,23.9774,23.5144,1.0302,0.9593,1.0401,538.0,507.0,1045.0,4689.0,5087.0,9776.0,54042.0,55248.0,109290.0,60918.0,63620.0,124538.0,3353.0,3259.0,6612.0,17660.0,18273.0,35933.0,17875.0,22253.0,40128.0,88.0,80.0,168.0,3380.0,3099.0,6479.0,22.668,21.5857,2792.0,2702.0,5494.0,187.0,107.0,294.0,414.0,446.0,860.0,495.0,418.0,913.0,8.0,0
2020-21,Manipur,36.9317,38.604,37.7534,79.1512,68.9436,74.1779,18.5436,19.9524,19.2235,1.0453,0.871,1.076,624.0,569.0,1193.0,4813.0,5649.0,10462.0,61246.0,60261.0,121507.0,68916.0,69583.0,138499.0,5110.0,4229.0,9339.0,18790.0,18859.0,37649.0,18578.0,22308.0,40886.0,123.0,110.0,233.0,1904.0,2526.0,4430.0,23.8012,22.9096,2946.0,2873.0,5819.0,206.0,131.0,337.0,444.0,473.0,917.0,557.0,480.0,1037.0,9.0,0
2021-22,Manipur,35.3,35.5,35.4,60.3,61.0,60.6,22.0,24.2,23.0,1.0057,1.0116,1.1,725.0,723.0,1448.0,4940.0,5528.0,10468.0,58171.0,54386.0,112557.0,66234.0,64154.0,130388.0,3910.0,3755.0,7665.0,22375.0,22919.0,45294.0,20640.0,21195.0,41835.0,85.0,91.0,176.0,964.0,1000.0,1964.0,20.153,19.3011,3103.0,3167.0,6270.0,226.0,148.0,374.0,454.0,490.0,944.0,663.0,607.0,1270.0,10.0,0
2018-19,Meghalaya,23.8,27.7,25.8,81.3,211.4,142.7,21.1,25.7,23.5,1.17,2.6,1.22,475.0,678.0,1153.0,3760.0,5817.0,9577.0,33868.0,38949.0,72817.0,39844.0,47697.0,87541.0,909.0,2112.0,3021.0,29641.0,38383.0,68024.0,2446.0,1421.0,3867.0,110.0,182.0,292.0,1318.0,934.0,2252.0,26.0,24.0,1462.0,1850.0,3312.0,39.0,25.0,64.0,805.0,1418.0,2223.0,69.0,46.0,115.0,10.0,1
2019-20,Meghalaya,24.16,28.0037,26.1129,99.7689,82.3339,91.5669,20.6206,26.3306,23.5544,1.1591,0.8252,1.2769,492.0,378.0,870.0,4146.0,6139.0,10285.0,33881.0,39321.0,73202.0,39844.0,47697.0,87541.0,1124.0,824.0,1948.0,29208.0,39413.0,68621.0,2503.0,1460.0,3963.0,204.0,163.0,367.0,1177.0,901.0,2078.0,24.1559,22.2276,1597.0,2027.0,3624.0,47.0,33.0,80.0,864.0,1566.0,2430.0,87.0,49.0,136.0,10.0,0
2020-21,Meghalaya,22.5836,28.9886,25.7614,164.5136,154.9772,160.1261,18.7284,25.4598,22.1157,1.2836,0.942,1.3594,469.0,364.0,833.0,4039.0,6124.0,10163.0,36840.0,45359.0,82199.0,43104.0,54480.0,97584.0,2114.0,1697.0,3811.0,30260.0,41669.0,71929.0,1120.0,1158.0,2278.0,188.0,139.0,327.0,1150.0,912.0,2062.0,27.0166,25.4632,1560.0,2052.0,3612.0,49.0,32.0,81.0,901.0,1634.0,2535.0,74.0,42.0,116.0,11.0,0
2021-22,Meghalaya,22.7,28.1,25.4,101.9,119.4,110.0,20.2,26.4,23.3,1.2379,1.1717,1.3069,458.0,331.0,789.0,5673.0,8432.0,14105.0,35954.0,41489.0,77443.0,43588.0,52865.0,96453.0,1317.0,1311.0,2628.0,32765.0,43390.0,76155.0,1403.0,1362.0,2765.0,477.0,588.0,1065.0,1324.0,795.0,2119.0,24.03,22.1911,1630.0,2175.0,3805.0,51.0,37.0,88.0,951.0,1730.0,2681.0,85.0,45.0,130.0,11.0,0
2018-19,Mizoram,26.5,24.8,25.7,134.9,128.3,132.5,26.8,25.0,25.9,0.94,0.95,0.93,415.0,368.0,783.0,1919.0,2096.0,4015.0,13095.0,11475.0,24570.0,285.0,171.0,456.0,143.0,77.0,220.0,15836.0,15391.0,31227.0,361.0,181.0,542.0,12.0,14.0,26.0,54.0,29.0,83.0,18.0,14.0,994.0,874.0,1868.0,29.0,12.0,41.0,732.0,808.0,1540.0,75.0,19.0,94.0,3.0,0
2019-20,Mizoram,27.1847,25.1274,26.1489,150.3866,100.4194,132.2983,26.6701,25.4024,26.0247,0.9243,0.6677,0.9525,479.0,388.0,867.0,1982.0,2239.0,4221.0,13503.0,11793.0,25296.0,17156.0,16080.0,33236.0,161.0,61.0,222.0,15882.0,15689.0,31571.0,380.0,181.0,561.0,15.0,8.0,23.0,48.0,22.0,70.0,17.2475,13.5039,1032.0,895.0,1927.0,34.0,13.0,47.0,759.0,834.0,1593.0,68.0,15.0,83.0,3.0,0
2020-21,Mizoram,26.1583,27.5088,26.822,163.9344,168.1818,165.4255,26.3132,27.5316,26.9204,1.0516,1.0259,1.0463,551.0,436.0,987.0,1992.0,2478.0,4470.0,15802.0,14971.0,30773.0,19201.0,19509.0,38710.0,200.0,111.0,311.0,17963.0,18673.0,36636.0,379.0,244.0,623.0,14.0,13.0,27.0,50.0,28.0,78.0,19.0408,15.8805,1073.0,960.0,2033.0,35.0,13.0,48.0,800.0,897.0,1697.0,73.0,14.0,87.0,3.0,0
2021-22,Mizoram,31.4,33.2,32.3,206.5,304.8,241.1,31.8,33.3,32.5,1.0573,1.476,1.0472,634.0,565.0,1199.0,2398.0,3210.0,5608.0,16905.0,16249.0,33154.0,23191.0,23580.0,46771.0,254.0,203.0,457.0,21813.0,22658.0,44471.0,392.0,281.0,673.0,14.0,17.0,31.0,77.0,53.0,130.0,21.1633,17.4109,1168.0,1042.0,2210.0,39.0,13.0,52.0,873.0,979.0,1852.0,79.0,13.0,92.0,3.0,0
2018-19,Nagaland,17.8,19.7,18.7,0.0,0.0,0.0,17.7,20.2,19.0,1.11,0.915,1.15,235.0,257.0,492.0,2886.0,3412.0,6298.0,17428.0,18485.0,35913.0,69.0,59.0,128.0,233.0,168.0,401.0,18615.0,21483.0,40098.0,471.0,377.0,848.0,9.0,15.0,24.0,89.0,115.0,204.0,19.0,17.0,1067.0,1312.0,2379.0,33.0,11.0,44.0,691.0,1199.0,1890.0,91.0,29.0,120.0,5.0,1
2019-20,Nagaland,16.5254,20.5199,18.4885,0.0,0.0,0.0,17.3946,21.1459,19.2725,1.2417,0.8425,1.2157,270.0,307.0,577.0,2063.0,3503.0,5566.0,16982.0,19252.0,36234.0,20255.0,24306.0,44561.0,191.0,145.0,336.0,18460.0,22495.0,40955.0,454.0,389.0,843.0,17.0,19.0,36.0,100.0,112.0,212.0,18.406,17.0603,1058.0,1363.0,2421.0,35.0,13.0,48.0,710.0,1246.0,1956.0,82.0,30.0,112.0,5.0,1
2020-21,Nagaland,15.3523,19.3365,17.2614,0.0,0.0,0.0,15.1696,18.8527,16.9731,1.2595,0.9394,1.2428,279.0,314.0,593.0,2843.0,4252.0,7095.0,17600.0,19228.0,36828.0,21750.0,25204.0,46954.0,279.0,265.0,544.0,18340.0,21869.0,40209.0,517.0,472.0,989.0,3.0,5.0,8.0,113.0,144.0,257.0,19.2988,17.9412,1059.0,1374.0,2433.0,36.0,13.0,49.0,713.0,1265.0,1978.0,88.0,30.0,118.0,5.0,1
2021-22,Nagaland,16.5,21.2,18.8,0.0,0.0,0.0,17.2,21.5,19.3,1.2848,1.0415,1.25,290.0,330.0,620.0,3276.0,5178.0,8454.0,18770.0,20444.0,39214.0,23557.0,27666.0,51223.0,286.0,312.0,598.0,20887.0,24980.0,45867.0,603.0,550.0,1153.0,14.0,7.0,21.0,112.0,141.0,253.0,20.1745,18.4096,1087.0,1452.0,2539.0,37.0,13.0,50.0,750.0,1337.0,2087.0,89.0,35.0,124.0,6.0,1
2018-19,Odisha,24.2,20.0,22.1,22.8,17.3,20.0,14.4,11.3,12.8,0.82,0.76,0.78,2052.0,1670.0,3722.0,40536.0,42541.0,83077.0,409140.0,371004.0,780144.0,4329.0,5894.0,10223.0,92203.0,70405.0,162608.0,68967.0,58845.0,127812.0,110862.0,99396.0,210258.0,1158.0,803.0,1961.0,5741.0,4600.0,10341.0,27.0,25.0,24205.0,13892.0,38097.0,1111.0,647.0,1758.0,476.0,483.0,959.0,3608.0,1589.0,5197.0,28.0,0
2019-20,Odisha,23.0466,20.3002,21.6741,21.8309,17.5609,19.6965,14.5972,12.4249,13.4655,0.8808,0.8044,0.8512,1923.0,1423.0,3346.0,47838.0,50717.0,98555.0,379994.0,367114.0,747108.0,529226.0,465703.0,994929.0,88766.0,71362.0,160128.0,70031.0,64832.0,134863.0,110320.0,102419.0,212739.0,1358.0,736.0,2094.0,5614.0,4232.0,9846.0,24.8385,23.3298,25065.0,14991.0,40056.0,1271.0,734.0,2005.0,595.0,570.0,1165.0,3902.0,1804.0,5706.0,32.0,0
2020-21,Odisha,21.3323,20.1297,20.7402,21.4439,18.4154,19.9516,14.2031,12.7548,13.4588,0.9436,0.8588,0.898,1955.0,1326.0,3281.0,48874.0,50344.0,99218.0,370312.0,368176.0,738488.0,525883.0,481139.0,1007022.0,93024.0,77606.0,170630.0,72697.0,69019.0,141716.0,100218.0,99879.0,200097.0,1041.0,693.0,1734.0,4728.0,3759.0,8487.0,23.9921,22.3818,25787.0,16186.0,41973.0,1376.0,821.0,2197.0,646.0,649.0,1295.0,4041.0,1973.0,6014.0,36.0,0
2021-22,Odisha,23.5,20.6,22.1,25.2,19.9,22.6,16.7,14.3,15.5,0.8766,0.7897,0.8563,2668.0,1550.0,4218.0,63227.0,56471.0,119698.0,402899.0,379256.0,782155.0,581167.0,492712.0,1073879.0,109719.0,83994.0,193713.0,85933.0,77279.0,163212.0,124645.0,114571.0,239216.0,1214.0,806.0,2020.0,4412.0,4097.0,8509.0,24.557,22.9024,26664.0,17066.0,43730.0,1495.0,895.0,2390.0,703.0,702.0,1405.0,4227.0,2219.0,6446.0,37.0,0
2018-19,Puducherry,41.7,51.6,46.4,32.5,38.0,35.1,0.0,0.0,0.0,1.24,1.17,0.98,510.0,292.0,802.0,9375.0,10261.0,19636.0,23585.0,28067.0,51652.0,7.0,6.0,13.0,5018.0,5239.0,10257.0,556.0,382.0,938.0,21472.0,25478.0,46950.0,158.0,99.0,257.0,1456.0,1197.0,2653.0,13.0,11.0,3375.0,2504.0,5879.0,415.0,243.0,658.0,34.0,14.0,48.0,1839.0,1510.0,3349.0,4.0,1
2019-20,Puducherry,40.9936,52.5658,46.3367,33.3587,38.3175,35.7337,0.0,0.0,0.0,1.2823,1.1487,1.0079,291.0,217.0,508.0,11531.0,11728.0,23259.0,22863.0,28309.0,51172.0,38156.0,41968.0,80124.0,4892.0,5165.0,10057.0,547.0,476.0,1023.0,22563.0,26083.0,48646.0,131.0,154.0,285.0,1637.0,1489.0,3126.0,12.5764,10.4335,3576.0,2795.0,6371.0,412.0,264.0,676.0,32.0,13.0,45.0,1936.0,1683.0,3619.0,4.0,1
2020-21,Puducherry,60.3213,61.1449,60.7523,45.5485,45.618,45.5851,0.0,0.0,0.0,1.0137,1.0015,1.075,271.0,325.0,596.0,12865.0,13359.0,26224.0,26875.0,32921.0,59796.0,43187.0,48066.0,91253.0,5684.0,6319.0,12003.0,463.0,440.0,903.0,27277.0,31222.0,58499.0,120.0,202.0,322.0,1202.0,1139.0,2341.0,13.7078,11.5502,3654.0,3003.0,6657.0,407.0,294.0,701.0,31.0,14.0,45.0,2065.0,1870.0,3935.0,4.0,1
2021-22,Puducherry,61.0,62.1,61.5,43.0,43.4,43.2,0.0,0.0,0.0,1.018,1.0093,1.0467,325.0,278.0,603.0,13198.0,13394.0,26592.0,28264.0,33817.0,62081.0,44821.0,49822.0,94643.0,5507.0,6131.0,11638.0,568.0,466.0,1034.0,24233.0,28241.0,52474.0,94.0,193.0,287.0,1565.0,1705.0,3270.0,13.2319,11.0886,3562.0,3032.0,6594.0,405.0,297.0,702.0,30.0,14.0,44.0,2029.0,1895.0,3924.0,4.0,1
2018-19,Punjab,25.5,34.3,29.5,17.8,25.2,21.1,0.0,0.0,0.0,1.35,1.42,0.98,4382.0,4713.0,9095.0,36272.0,69660.0,105932.0,320967.0,359648.0,680615.0,578.0,986.0,1564.0,101143.0,120175.0,221318.0,3586.0,1712.0,5298.0,54022.0,57855.0,111877.0,559.0,523.0,1082.0,7526.0,3308.0,10834.0,18.0,17.0,20871.0,30704.0,51575.0,1594.0,1982.0,3576.0,28.0,22.0,50.0,1195.0,1527.0,2722.0,32.0,1
2019-20,Punjab,25.0868,32.1103,28.2423,15.7774,22.3602,18.7775,0.0,0.0,0.0,1.28,1.4172,1.0079,4111.0,4888.0,8999.0,39950.0,68143.0,108093.0,308617.0,312191.0,620808.0,425331.0,444132.0,869463.0,90941.0,107929.0,198870.0,3075.0,1942.0,5017.0,55729.0,55521.0,111250.0,427.0,311.0,738.0,9558.0,4226.0,13784.0,16.6973,15.4677,21105.0,30967.0,52072.0,1648.0,2054.0,3702.0,29.0,21.0,50.0,1117.0,1569.0,2686.0,32.0,1
2020-21,Punjab,23.9434,29.1169,26.2683,14.334,21.2584,17.4807,0.0,0.0,0.0,1.2161,1.4831,1.075,4628.0,4938.0,9566.0,43610.0,60696.0,104306.0,302634.0,284359.0,586993.0,418244.0,415091.0,833335.0,83203.0,102784.0,185987.0,2946.0,1975.0,4921.0,53023.0,54386.0,107409.0,318.0,255.0,573.0,11803.0,4682.0,16485.0,16.5089,14.8506,20217.0,30261.0,50478.0,1593.0,2160.0,3753.0,28.0,21.0,49.0,1104.0,1504.0,2608.0,34.0,1
2021-22,Punjab,25.2,30.1,27.4,16.2,22.8,19.2,0.0,0.0,0.0,1.1944,1.4074,1.0467,4946.0,5379.0,10325.0,46929.0,63149.0,110078.0,321099.0,292462.0,613561.0,434616.0,424128.0,858744.0,92970.0,108745.0,201715.0,2479.0,2015.0,4494.0,52400.0,56125.0,108525.0,599.0,468.0,1067.0,14277.0,5640.0,19917.0,16.5794,14.9665,20185.0,30807.0,50992.0,1676.0,2309.0,3985.0,36.0,29.0,65.0,1244.0,1598.0,2842.0,40.0,1
2018-19,Rajasthan,23.1,23.0,23.0,20.6,19.2,20.0,22.1,20.4,21.3,1.0,0.93,0.92,5296.0,5145.0,10441.0,84372.0,106455.0,190827.0,886191.0,843108.0,1729299.0,5540.0,5983.0,11523.0,180245.0,150924.0,331169.0,128628.0,117238.0,245866.0,433092.0,427045.0,860137.0,2848.0,1864.0,4712.0,26100.0,18258.0,44358.0,29.0,27.0,45110.0,25978.0,71088.0,4325.0,1267.0,5592.0,1795.0,512.0,2307.0,14618.0,6693.0,21311.0,83.0,0
2019-20,Rajasthan,24.2893,23.8935,24.0983,21.5154,21.4378,21.4788,22.2458,22.321,22.2831,0.9837,0.9964,1.0034,5478.0,5372.0,10850.0,115851.0,130222.0,246073.0,907391.0,853674.0,1761065.0,1151186.0,1055331.0,2206517.0,186353.0,165088.0,351441.0,128038.0,125991.0,254029.0,453177.0,446822.0,899999.0,3442.0,6519.0,9961.0,25128.0,19055.0,44183.0,28.5164,26.2348,49032.0,28345.0,77377.0,4683.0,1406.0,6089.0,1876.0,608.0,2484.0,16236.0,7575.0,23811.0,89.0,0
2020-21,Rajasthan,26.0889,26.0383,26.0649,22.9312,22.6043,22.7786,22.8213,23.7579,23.2815,0.9981,0.9857,1.041,6588.0,6379.0,12967.0,113499.0,134819.0,248318.0,1014468.0,924253.0,1938721.0,1278304.0,1154486.0,2432790.0,209453.0,180795.0,390248.0,138517.0,139281.0,277798.0,494833.0,466248.0,961081.0,4579.0,1729.0,6308.0,24356.0,18634.0,42990.0,30.2511,27.3774,51359.0,29061.0,80420.0,4928.0,1431.0,6359.0,1933.0,627.0,2560.0,17144.0,7888.0,25032.0,92.0,0
2021-22,Rajasthan,29.0,28.1,28.6,27.2,26.1,26.7,28.9,27.6,28.2,0.969,0.9596,0.955,6913.0,6915.0,13828.0,140674.0,169589.0,310263.0,1124079.0,978715.0,2102794.0,1430283.0,1259057.0,2689340.0,250646.0,210897.0,461543.0,176760.0,163273.0,340033.0,610007.0,539720.0,1149727.0,3563.0,1661.0,5224.0,26212.0,20199.0,46411.0,28.5219,26.1884,53083.0,30109.0,83192.0,5184.0,1484.0,6668.0,2038.0,664.0,2702.0,17985.0,8372.0,26357.0,90.0,0
2018-19,Sikkim,54.0,53.9,53.9,40.7,32.6,36.5,27.3,41.3,34.4,1.0,0.8,1.51,211.0,188.0,399.0,8508.0,6515.0,15023.0,11531.0,12039.0,23570.0,37.0,10.0,47.0,733.0,627.0,1360.0,3454.0,5315.0,8769.0,3006.0,3767.0,6773.0,7.0,1.0,8.0,136.0,60.0,196.0,27.0,15.0,929.0,635.0,1564.0,47.0,18.0,65.0,151.0,206.0,357.0,206.0,169.0,375.0,7.0,0
2019-20,Sikkim,83.5964,67.5595,75.8394,37.5005,32.2443,34.7952,28.1391,42.0229,35.1246,0.8082,0.8598,1.4934,215.0,195.0,410.0,17445.0,10667.0,28112.0,14134.0,12730.0,26864.0,33049.0,25022.0,58071.0,681.0,621.0,1302.0,3586.0,5423.0,9009.0,3274.0,4187.0,7461.0,8.0,4.0,12.0,96.0,50.0,146.0,33.9398,13.8662,1000.0,711.0,1711.0,48.0,16.0,64.0,169.0,243.0,412.0,222.0,185.0,407.0,8.0,0
2020-21,Sikkim,36.2738,44.0025,39.9164,41.1511,36.5784,38.8479,28.7638,41.6096,35.085,1.2131,0.8889,1.4466,115.0,80.0,195.0,2929.0,4001.0,6930.0,12295.0,12533.0,24828.0,16707.0,18067.0,34774.0,858.0,774.0,1632.0,4209.0,5899.0,10108.0,3759.0,5060.0,8819.0,7.0,1.0,8.0,102.0,45.0,147.0,20.1705,16.0093,996.0,728.0,1724.0,53.0,16.0,69.0,189.0,254.0,443.0,219.0,204.0,423.0,8.0,0
2021-22,Sikkim,35.1,42.5,38.6,46.6,39.1,42.8,29.6,42.1,35.8,1.2108,0.8391,1.4223,337.0,315.0,652.0,2421.0,3565.0,5986.0,12268.0,12538.0,24806.0,16274.0,17487.0,33761.0,978.0,829.0,1807.0,4360.0,5988.0,10348.0,3930.0,4782.0,8712.0,17.0,3.0,20.0,111.0,51.0,162.0,21.6315,16.9954,891.0,618.0,1509.0,54.0,15.0,69.0,185.0,229.0,414.0,158.0,145.0,303.0,9.0,0
2018-19,Tamil Nadu,49.8,48.3,49.0,41.4,41.7,41.6,43.3,32.5,37.8,0.97,1.01,0.75,13699.0,12121.0,25820.0,169812.0,274576.0,444388.0,1206721.0,1287997.0,2494718.0,9959.0,15892.0,25851.0,313465.0,321401.0,634866.0,16785.0,13223.0,30008.0,1055823.0,1065035.0,2120858.0,5889.0,4310.0,10199.0,71882.0,51689.0,123571.0,17.0,15.0,100433.0,95560.0,195993.0,11720.0,9510.0,21230.0,274.0,185.0,459.0,71812.0,68307.0,140119.0,59.0,0
2019-20,Tamil Nadu,51.7519,50.9861,51.3701,38.8162,40.4155,39.6223,43.7751,37.7472,40.6957,0.9852,1.0412,0.8623,15828.0,14832.0,30660.0,184265.0,295673.0,479938.0,1260037.0,1330973.0,2591010.0,1778186.0,1742125.0,3520311.0,298278.0,315606.0,613884.0,17240.0,15526.0,32766.0,1074844.0,1070143.0,2144987.0,3464.0,7437.0,10901.0,72794.0,56771.0,129565.0,17.42,14.7586,102469.0,99616.0,202085.0,12283.0,10225.0,22508.0,303.0,205.0,508.0,72558.0,70704.0,143262.0,59.0,0
2020-21,Tamil Nadu,45.4041,48.5723,46.9405,34.675,38.9244,36.7618,42.8775,38.2381,40.5675,1.0698,1.1226,0.8918,17443.0,16968.0,34411.0,185725.0,278930.0,464655.0,1182067.0,1280466.0,2462533.0,1662153.0,1674286.0,3336439.0,275101.0,297976.0,573077.0,17434.0,15418.0,32852.0,963357.0,972604.0,1935961.0,2831.0,2038.0,4869.0,65103.0,49869.0,114972.0,16.4021,14.3647,101876.0,101539.0,203415.0,12447.0,10597.0,23044.0,302.0,210.0,512.0,71558.0,72770.0,144328.0,59.0,0
2021-22,Tamil Nadu,46.8,47.3,47.0,38.4,40.4,39.4,50.2,37.6,43.9,1.0107,1.0521,0.749,13457.0,15410.0,28867.0,198013.0,266073.0,464086.0,1243667.0,1248155.0,2491822.0,1698112.0,1611215.0,3309327.0,302054.0,305306.0,607360.0,20238.0,14975.0,35213.0,1071450.0,1033326.0,2104776.0,4141.0,4670.0,8811.0,64355.0,51335.0,115690.0,15.7632,14.0786,103416.0,105320.0,208736.0,12835.0,11158.0,23993.0,324.0,229.0,553.0,71894.0,75109.0,147003.0,62.0,0
2018-19,Telangana,35.8,36.5,36.2,30.9,36.4,33.7,32.7,28.8,30.7,1.02,1.18,0.88,2191.0,1239.0,3430.0,83964.0,104787.0,188751.0,536108.0,565609.0,1101717.0,1445.0,1078.0,2523.0,98325.0,117289.0,215614.0,57323.0,52326.0,109649.0,315118.0,325599.0,640717.0,1583.0,1120.0,2703.0,67314.0,62968.0,130282.0,18.0,17.0,48761.0,31557.0,80318.0,5461.0,3512.0,8973.0,2273.0,609.0,2882.0,22431.0,12442.0,34873.0,24.0,0
2019-20,Telangana,34.7883,36.4182,35.6104,29.1285,35.7877,32.4648,31.2543,29.1062,30.1653,1.0469,1.2286,0.9313,3507.0,2001.0,5508.0,81042.0,103478.0,184520.0,519501.0,559280.0,1078781.0,672768.0,716840.0,1389608.0,93804.0,115713.0,209517.0,55494.0,53143.0,108637.0,301585.0,325657.0,627242.0,1468.0,1472.0,2940.0,62229.0,59689.0,121918.0,16.8024,16.1281,49351.0,33352.0,82703.0,5502.0,3853.0,9355.0,2336.0,658.0,2994.0,22343.0,12978.0,35321.0,24.0,0
2020-21,Telangana,37.4076,40.9475,39.1236,31.7587,39.2792,35.4014,34.1534,33.2608,33.7157,1.0946,1.2368,0.9739,4228.0,2487.0,6715.0,86425.0,109813.0,196238.0,617563.0,634298.0,1251861.0,775309.0,798477.0,1573786.0,107016.0,124337.0,231353.0,63453.0,59454.0,122907.0,328401.0,335695.0,664096.0,1761.0,1343.0,3104.0,65893.0,63061.0,128954.0,18.9353,17.1917,48909.0,34205.0,83114.0,5521.0,3975.0,9496.0,2327.0,724.0,3051.0,22194.0,13623.0,35817.0,31.0,0
2021-22,Telangana,38.5,41.6,40.0,35.6,42.9,39.2,39.1,36.9,38.0,1.0805,1.2051,0.9437,4442.0,2525.0,6967.0,89767.0,117315.0,207082.0,638370.0,633953.0,1272323.0,793353.0,803327.0,1596680.0,119137.0,134691.0,253828.0,72201.0,65372.0,137573.0,370857.0,368610.0,739467.0,2371.0,1618.0,3989.0,64775.0,56543.0,121318.0,18.0595,16.4243,48570.0,35516.0,84086.0,5474.0,4075.0,9549.0,2276.0,750.0,3026.0,21711.0,14252.0,35963.0,31.0,0
2018-19,Tripura,21.1,17.4,19.2,19.2,15.5,17.4,15.9,12.3,14.0,0.83,0.81,0.77,147.0,79.0,226.0,6452.0,5691.0,12143.0,34528.0,29821.0,64349.0,68.0,112.0,180.0,7857.0,6325.0,14182.0,10469.0,9157.0,19626.0,8158.0,6228.0,14386.0,165.0,66.0,231.0,1346.0,1002.0,2348.0,33.0,28.0,1598.0,896.0,2494.0,240.0,112.0,352.0,231.0,133.0,364.0,176.0,89.0,265.0,4.0,0
2019-20,Tripura,22.5055,17.9899,20.2,19.5904,14.8118,17.2134,15.5369,10.7321,12.9932,0.7994,0.7561,0.6907,388.0,227.0,615.0,5941.0,5877.0,11528.0,37816.0,30459.0,68275.0,47031.0,39216.0,86247.0,8074.0,6042.0,14116.0,10290.0,7996.0,18286.0,8592.0,6700.0,15292.0,290.0,74.0,364.0,1233.0,882.0,2115.0,35.7723,30.46,1513.0,898.0,2411.0,225.0,103.0,328.0,221.0,133.0,354.0,176.0,93.0,269.0,4.0,0
2020-21,Tripura,19.9539,18.3854,19.1731,16.8624,15.7958,16.344,13.9955,12.4135,13.176,0.9214,0.9368,0.887,452.0,220.0,672.0,5919.0,6287.0,12206.0,38810.0,34214.0,73024.0,48428.0,44232.0,92660.0,7955.0,7047.0,15002.0,10610.0,10115.0,20725.0,8261.0,7359.0,15620.0,90.0,47.0,137.0,656.0,691.0,1347.0,37.6361,32.6214,1562.0,900.0,2462.0,221.0,105.0,326.0,212.0,132.0,344.0,162.0,90.0,252.0,5.0,0
2021-22,Tripura,21.9,19.5,20.7,21.2,18.8,20.0,17.3,14.6,15.9,0.8904,0.8868,0.8439,286.0,173.0,459.0,5209.0,5840.0,11049.0,44432.0,37731.0,82163.0,53538.0,47013.0,100551.0,10060.0,8402.0,18462.0,13178.0,11895.0,25073.0,9490.0,8918.0,18408.0,157.0,54.0,211.0,1796.0,1206.0,3002.0,40.1401,36.2878,1584.0,921.0,2505.0,227.0,106.0,333.0,225.0,138.0,363.0,177.0,95.0,272.0,5.0,0
2018-19,Uttar Pradesh,24.2,27.5,25.8,21.9,26.4,24.0,43.3,41.9,42.6,1.14,1.2,0.97,11715.0,7404.0,19119.0,260167.0,336882.0,597049.0,2675777.0,2791519.0,5467296.0,17599.0,19016.0,36615.0,588721.0,620749.0,1209470.0,27600.0,27093.0,54693.0,1218268.0,1343327.0,2561595.0,7790.0,7001.0,14791.0,142299.0,177217.0,319516.0,46.0,44.0,95991.0,45848.0,141839.0,8905.0,2666.0,11571.0,214.0,88.0,302.0,28716.0,10184.0,38900.0,79.0,0
2019-20,Uttar Pradesh,23.7405,26.9233,25.2605,21.444,26.1083,23.6071,38.08,39.894,38.9875,1.1341,1.2175,1.0476,13693.0,10071.0,23764.0,237350.0,331801.0,569151.0,2636040.0,2765496.0,5401536.0,3136650.0,3251564.0,6388214.0,574191.0,604607.0,1178798.0,24177.0,25358.0,49535.0,1235540.0,1353980.0,2589520.0,9356.0,8694.0,18050.0,158790.0,198886.0,357676.0,39.5705,38.7871,109990.0,51449.0,161439.0,10637.0,3158.0,13795.0,290.0,109.0,399.0,33882.0,11703.0,45585.0,81.0,0
2020-21,Uttar Pradesh,22.3247,24.2746,23.2379,18.5487,21.9429,20.1112,39.7635,44.1756,41.9557,1.0873,1.183,1.111,11560.0,8246.0,19806.0,278090.0,353448.0,631538.0,2820340.0,2727844.0,5548184.0,3397012.0,3254055.0,6651067.0,575597.0,580871.0,1156468.0,29258.0,32098.0,61356.0,1289890.0,1317920.0,2607810.0,9484.0,5519.0,15003.0,137654.0,161657.0,299311.0,38.7623,37.8618,116977.0,54609.0,171586.0,11809.0,3450.0,15259.0,299.0,112.0,411.0,36797.0,12769.0,49566.0,84.0,0
2021-22,Uttar Pradesh,23.9,24.4,24.1,21.0,22.6,21.8,41.4,37.4,39.4,1.0209,1.0762,0.9034,11988.0,9725.0,21713.0,348726.0,411389.0,760115.0,3033329.0,2745769.0,5779098.0,3669318.0,3304106.0,6973424.0,658397.0,606019.0,1264416.0,30690.0,27493.0,58183.0,1533962.0,1425215.0,2959177.0,6006.0,5858.0,11864.0,157372.0,169447.0,326819.0,35.683,34.8696,121594.0,56599.0,178193.0,12535.0,3672.0,16207.0,335.0,122.0,457.0,38392.0,13410.0,51802.0,91.0,0
2018-19,Uttarakhand,39.2,39.1,39.1,29.3,30.7,30.0,47.4,48.3,47.8,1.0,1.05,1.02,2903.0,1759.0,4662.0,32342.0,39584.0,71926.0,177767.0,174137.0,351904.0,215.0,70.0,285.0,34145.0,33699.0,67844.0,8957.0,9168.0,18125.0,44665.0,37465.0,82130.0,879.0,969.0,1848.0,7135.0,5609.0,12744.0,27.0,23.0,10910.0,6602.0,17512.0,816.0,343.0,1159.0,87.0,49.0,136.0,1307.0,609.0,1916.0,36.0,0
2019-20,Uttarakhand,40.7133,42.3211,41.4943,29.7327,32.6287,31.1364,45.6108,45.9711,45.7911,1.0395,1.0974,1.0079,3449.0,2019.0,5468.0,34137.0,45833.0,79970.0,184770.0,185154.0,369924.0,248893.0,244386.0,493279.0,34825.0,35946.0,70771.0,8678.0,8758.0,17436.0,45352.0,39825.0,85177.0,2009.0,2200.0,4209.0,8380.0,6979.0,15359.0,26.9345,22.4843,11214.0,7100.0,18314.0,869.0,379.0,1248.0,102.0,61.0,163.0,1350.0,674.0,2024.0,36.0,0
2020-21,Uttarakhand,42.768,48.8839,45.6732,31.6637,39.6214,35.4384,46.6068,51.9559,49.2277,1.143,1.2513,1.1148,4099.0,2533.0,6632.0,46493.0,61555.0,108048.0,227696.0,239419.0,467115.0,304850.0,315301.0,620151.0,42740.0,48262.0,91002.0,10219.0,10944.0,21163.0,53371.0,48798.0,102169.0,1497.0,1458.0,2955.0,11100.0,12540.0,23640.0,32.6739,27.2563,11552.0,7428.0,18980.0,942.0,469.0,1411.0,113.0,74.0,187.0,1404.0,729.0,2133.0,37.0,0
2021-22,Uttarakhand,40.1,43.7,41.8,29.1,35.6,32.2,42.1,42.0,42.1,1.0898,1.2234,0.9976,2573.0,1900.0,4473.0,41134.0,53023.0,94157.0,217701.0,216121.0,433822.0,286149.0,281555.0,567704.0,39346.0,43324.0,82670.0,9268.0,8843.0,18111.0,53212.0,51752.0,104964.0,934.0,730.0,1664.0,7998.0,8838.0,16836.0,26.9966,21.8993,11718.0,7800.0,19518.0,981.0,487.0,1468.0,122.0,73.0,195.0,1364.0,763.0,2127.0,38.0,0
2018-19,West Bengal,20.0,18.7,19.3,14.7,13.6,14.1,11.0,9.6,10.2,0.94,0.93,0.87,7161.0,4570.0,11731.0,66871.0,94793.0,161664.0,851156.0,874504.0,1725660.0,4808.0,3628.0,8436.0,191847.0,183008.0,374855.0,34002.0,33168.0,67170.0,164367.0,152598.0,316965.0,2474.0,1364.0,3838.0,111257.0,120913.0,232170.0,35.0,32.0,39264.0,20812.0,60076.0,4757.0,1612.0,6369.0,443.0,283.0,726.0,4191.0,1228.0,5419.0,45.0,0
2019-20,West Bengal,20.3376,19.5783,19.9469,15.0601,14.8383,14.9484,11.422,10.6187,11.0009,0.9627,0.9853,0.9297,8063.0,4773.0,12836.0,62665.0,90360.0,153025.0,865130.0,924953.0,1790083.0,1069629.0,1091264.0,2160893.0,198506.0,198374.0,396880.0,35684.0,36549.0,72233.0,169795.0,168978.0,338773.0,2408.0,1181.0,3589.0,111879.0,123454.0,235333.0,32.9676,30.1092,42780.0,22766.0,65546.0,5317.0,1851.0,7168.0,572.0,396.0,968.0,4846.0,1469.0,6315.0,47.0,0
2020-21,West Bengal,20.307,22.2796,21.2668,16.6755,17.4517,17.0579,11.4523,11.7888,11.6213,1.0971,1.0465,1.0294,8757.0,5173.0,13930.0,79405.0,108051.0,187456.0,863390.0,929778.0,1793168.0,1086183.0,1129353.0,2215536.0,193301.0,196461.0,389762.0,35878.0,37271.0,73149.0,173809.0,174094.0,347903.0,4491.0,2591.0,7082.0,110860.0,127310.0,238170.0,31.3402,28.5762,45440.0,25253.0,70693.0,5751.0,2158.0,7909.0,628.0,452.0,1080.0,5328.0,1798.0,7126.0,52.0,0
2021-22,West Bengal,25.9,26.8,26.3,23.4,22.4,22.9,15.0,15.7,15.3,1.0347,0.9573,1.0467,8683.0,5103.0,13786.0,126244.0,177120.0,303364.0,1106488.0,1080500.0,2186988.0,1375627.0,1346524.0,2722151.0,268861.0,250384.0,519245.0,46586.0,49120.0,95706.0,252444.0,227554.0,479998.0,2597.0,1364.0,3961.0,164066.0,171346.0,335412.0,36.877,28.8453,46970.0,26847.0,73817.0,5989.0,2317.0,8306.0,691.0,478.0,1169.0,5616.0,1944.0,7560.0,58.0,0
